{"cameraMode":{"drawMode":0,"name":"Shaded","section":"Shading Mode"},"sceneLighting":true,"audioPlay":false,"sceneViewState":{"m_AlwaysRefresh":false,"showFog":true,"showSkybox":true,"showFlares":true,"showImageEffects":true,"showParticleSystems":true,"showVisualEffectGraphs":true,"m_FxEnabled":true},"in2DMode":false,"pivot":{"x":-15.816465377807618,"y":20.544126510620118,"z":7.692681789398193},"rotation":{"x":-0.19229282438755036,"y":-0.05531743913888931,"z":0.010857527144253254,"w":-0.9797189235687256},"size":50.31439208984375,"orthographic":false}